{
  "status": "completed",
  "pages_processed": 42182,
  "documents_inserted": 23317,
  "errors": 0,
  "elapsed_seconds": 380.4170711040497,
  "timestamp": "2026-04-14T12:13:19.216302+00:00"
}